;;;;;
no;Sequence;Direction;Region;notes;
3652459;GGAGCTGGCCGAGGTGGATGTGGACTGG;-;protein-coding;;
3365979;GGAGCTGGCCGAGGTGGATGTGGACTGG;-;protein-coding;;
3130916;GGAGCTGGCCGAGGTGGATGTGGACTGG;+;protein-coding;;
2289342;GGAGCTGGCCGAGGTGGATGTGGACTGG;-;protein-coding;;
2102172;GGAGCTGGCCGAGGTGGATGTGGACTGG;-;protein-coding;;
2066582;GGAGCTGGCCGAGGTGGATGTGGACTGG;-;protein-coding;;
1428023;GGAGCTGGCCGAGGTGGATGTGGACTGG;-;protein-coding;;
1396814;GGAGCTGGCCGAGGTGGATGTGGACTGG;+;protein-coding;;
1300269;GGAGCTGGCCGAGGTGGATGTGGACTGG;+;intergenic;;
688274;GGAGCTGGCCGAGGTGGATGTGGACTGG;-;protein-coding;;
575014;GGAGCTGGCCGAGGTGGATGTGGACTGG;-;protein-coding;;
274378;GGAGCTGGCCGAGGTGGATGTGGACTGG;-;protein-coding;;
3653014;GGCTGGTAATGGCCGG;-;protein-coding;;
3366534;GGCTGGTAATGGCCGG;-;protein-coding;;
3130361;GGCTGGTAATGGCCGG;+;protein-coding;;
2289897;GGCTGGTAATGGCCGG;-;protein-coding;;
2102727;GGCTGGTAATGGCCGG;-;protein-coding;;
2067137;GGCTGGTAATGGCCGG;-;protein-coding;;
1396259;GGCTGGTAATGGCCGG;+;protein-coding;;
1299714;GGCTGGTAATGGCCGG;+;intergenic;;
688829;GGCTGGTAATGGCCGG;-;protein-coding;;
575569;GGCTGGTAATGGCCGG;-;protein-coding;;
274933;GGCTGGTAATGGCCGG;-;protein-coding;;
4521067;GGTGGTGGTGG;-;protein-coding;;
4443100;GGTGGTGGTGG;+;protein-coding;;
4284433;GGTGGTGGTGG;-;protein-coding;;
3484549;GGCTGGTGGTGGTGG;-;protein-coding;;
2538760;GGTGGTGGTGG;-;protein-coding;;
2305662;GGTGGTGGTGG;+;protein-coding;;
1769521;GGTGGTGGTGG;-;protein-coding;;
722575;GGGCTGGTGGTGGTGGAGCCGGGG;-;protein-coding;;
516638;GGTGGTGGTGG;+;protein-coding;;
94229;GGTGGTGGTGG;+;protein-coding;;
4037187;GGGTGAGGTCGGTGG;+;tRNA-coding;;
3427106;GGGTGAGGTCGGTGG;-;tRNA-coding;;
225427;GGGTGAGGTCGGTGG;+;tRNA-coding;;
4499183;GGAGTGGCTGACGGATAATGG;+;protein-coding;;
3187098;GGAGTGGCTGACGGATAATGG;+;protein-coding;;
2996689;GGAGTGGCTGACGGATAATGG;-;protein-coding;;
2069269;GGAGTGGCTGACGGATAATGG;-;protein-coding;;
1651220;GGAGTGGCTGACGGATAATGG;+;protein-coding;;
1468238;GGAGTGGCTGACGGATAATGG;-;protein-coding;;
382262;GGAGTGGCTGACGGATAATGG;+;protein-coding;;
3092518;GGTGGTGGATGG;+;protein-coding;;
2572804;GGTGGTGGATGG;-;protein-coding;;
2450450;GGTGGTGGATGG;-;protein-coding;;
868442;GGTGGTGGATGG;+;protein-coding;;
1466766;GGCGGCGGTCACGG;+;protein-coding;;
1466472;GGCGGCGGTCACGG;+;protein-coding;;
1466178;GGCGGCGGTCACGG;+;protein-coding;;
4606389;GGTGGCGGAATTGG;-;tRNA-coding;;
4606278;GGGCGAAGGTGGCGGAATTGG;-;tRNA-coding;;
4606153;GGTGGCGGAATTGG;-;tRNA-coding;;
3982617;GGTGGCGGAATTGG;+;tRNA-coding;;
3583977;GGATGACGGATGGCTGG;+;protein-coding;;
1978721;GGATGACGGATGGCTGG;-;protein-coding;;
1050327;GGATGACGGATGGCTGG;+;protein-coding;;
290852;GGATGACGGATGGCTGG;-;protein-coding;;
279381;GGATGACGGATGGCTGG;-;protein-coding;;
258126;GGATGACGGATGGCTGG;-;protein-coding;;
20014;GGATGACGGATGGCTGG;-;protein-coding;;
4326087;GGCCTACGGATGGTGCGGG;+;intergenic repeat region;;
375269;GGCCTACGGATGGCGCGGG;+;intergenic repeat region;;
375067;GGCCTACGGATGGTGCGGG;+;intergenic repeat region;;
4326287;GGCCTACGGAGGGTGCGGG;+;intergenic repeat region;;
4326187;GGCCTACGGAGGGTGCGGG;+;intergenic repeat region;;
4325987;GGCCTACGGAGGGTGCGGG;+;intergenic repeat region;;
4325887;GGCCTACGGAGGGTGCGGG;+;intergenic repeat region;;
3570382;GGCGGTGGTGG;-;protein-coding;;
3266779;GGCGGTGGTGG;-;protein-coding;;
3012027;GGCGGTGGTGG;+;protein-coding;;
2157883;GGCGGTGGTGG;+;protein-coding;;
1505032;GGCGGTGGTGG;-;protein-coding;;
993919;GGCGGTGGTGG;-;protein-coding;;
907518;GGCGGTGGTGGGCGGTACGG;+;protein-coding;;
1244929;GGTGGCGGTGGTGGG;+;protein-coding;;
2813338;GGTGGCGGTGGTGG;+;protein-coding;;
3764144;GGAAGGTGGTGTGG;-;protein-coding;;
3621153;GGAAGGTGGTGTGG;-;protein-coding;;
731544;GGAAGGTGGTGTGG;-;protein-coding;;
375980;GGAAGGTGGTGTGG;+;protein-coding;;
3571614;GGCTGGTGGTGG;-;protein-coding;;
512010;GGCTGGTGGTGG;-;protein-coding;;
403915;GGGCTGGTGGTGGCTGGTGTTGGTCGGCTGGG;+;protein-coding;;
130477;GGCTGGTGGTGG;+;protein-coding;;
3764913;GGGTCGGGCAGGCGG;-;protein-coding;;
3621922;GGGTCGGGCAGGCGG;-;protein-coding;;
734184;GGGTCGGGCAGGCGG;-;protein-coding;;
732313;GGGTCGGGCAGGCGG;-;protein-coding;;
4211470;GGGGGGACGGAGAAGG;+;rRNA-coding;;
4170068;GGGGGGACGGAGAAGG;+;rRNA-coding;;
4038945;GGGGGGACGGAGAAGG;+;rRNA-coding;;
3945131;GGGGGGACGGAGAAGG;+;rRNA-coding;;
3425355;GGGGGGACGGAGAAGG;-;rRNA-coding;;
2727756;GGGGGGACGGAGAAGG;-;rRNA-coding;;
227186;GGGGGGACGGAGAAGG;+;rRNA-coding;;
3959469;GGGAGAGGGTCGGGGTGAGGG;-;intergenic;HPG2;
3239623;GGGAGAGGGTCGGGGTGAGGG;+;intergenic;HPG2;
3781148;GGGGAGAGGGCCGGGGTGAGGGGAAAAGG;+;intergenic;HPG2;
3046013;GGGAGAGGGCCGGGGTGAGGG;+;intergenic;HPG2;
289268;GGGAGAGGGCCGGGGTGAGGG;+;intergenic;HPG2;
282125;GGGAGAGGGCCGGGGTGAGGGG;+;intergenic;HPG2;
164569;GGGAGAGGGCCGGGGTGAGGG;+;intergenic;HPG2;
624652;GGGAGAGGGCCGGGGTGAGGG;-;intergenic;HPG2;
3764637;GGTGCAGGCGGTCGCGGG;-;protein-coding;;
3621646;GGTGCAGGCGGTCGCGGG;-;protein-coding;;
732037;GGTGCAGGCGGTCGCGGG;-;protein-coding;;
4625255;GGATGGCGGTGG;-;protein-coding;;
3585948;GGAGGATGGCGGTGGCATGG;+;protein-coding;;
1603999;GGATGGCGGTGG;-;protein-coding;;
3981191;GGATGGCGGTGGGG;+;protein-coding;;
4623120;GGCATGGATGGCGGGGG;-;protein-coding;;
4293146;GGATGGCGGGGG;+;protein-coding;;
314894;GGATGGCGGGGG;+;protein-coding;;
2371535;GGCTGGCTGGCGG;+;protein-coding;;
2161665;GGCTGGCTGGCGG;+;protein-coding;;
521412;GGCCAGAGGCTGGCTGGCGG;-;protein-coding;;
490915;GGCTGGCTGGCGG;+;protein-coding;;
1709830;GGCTGGCTGGCGGCGTATGG;+;protein-coding;;
2514480;GGGGCTGGCTTACGGCCCCGGGGGG;+;protein-coding;;
608214;GGGGCTGGCTTACGGCCCCGGGGGG;+;protein-coding;;
15594;GGGGCTGGCTTACGGCCCCGGGGGG;+;protein-coding;;
2911293;GGCGGTGCGGATCCCGG;-;protein-coding;;
4499268;GGCGGTGCGGATCCCGG;+;protein-coding;;
3187183;GGCGGTGCGGATCCCGG;+;protein-coding;;
2996604;GGCGGTGCGGATCCCGG;-;protein-coding;;
2069184;GGCGGTGCGGATCCCGG;-;protein-coding;;
1651305;GGCGGTGCGGATCCCGG;+;protein-coding;;
1468153;GGCGGTGCGGATCCCGG;-;protein-coding;;
382347;GGCGGTGCGGATCCCGG;+;protein-coding;;
4611807;GGTGGTGGCGG;-;protein-coding;;
3547482;GGTGGTGGCGG;+;protein-coding;;
3265474;GGTGGTGGCGG;-;protein-coding;;
2492514;GGTGGTGGCGG;-;protein-coding;;
1307773;GGTGGTGGCGG;+;protein-coding;;
1164270;GGTGGTGGCGG;+;protein-coding;;
1104548;GGTGGTGGCGG;+;protein-coding;;
776123;GGTGGTGGCGG;+;protein-coding;;
395296;GGCGGTGGTGGCGG;-;protein-coding;;
869507;GGTGGTGGCGGTACGG;+;protein-coding;;
1129190;GGTGGTGGCGGTACTGG;+;protein-coding;;
1227938;GGGTGGTGGCGG;-;protein-coding;;
1373472;GGTGGTGGCGGG;+;protein-coding;;
1482070;GGTGGTGGCGGCATGG;+;protein-coding;;
2072670;GGATACGGTGGTGGCGG;-;protein-coding;;
2250350;GGCGCAGGTGGTGGCGGCAGG;+;protein-coding;;
2591927;GGCGGCGATGGTGGTGGCGG;+;protein-coding;;
3953496;GGTGGTGGCGGAACGG;-;protein-coding;;
4171888;GGCCCGGAGGGTGGCGGGCAGG;+;intergenic repeat region;;
4040768;GGCCCGGAGGGTGGCGGGCAGG;+;intergenic repeat region;;
3423290;GGCCCGGAGGGTGGCGGGCAGG;-;intergenic repeat region;;
2042594;GGCAGGTGGCGGTGG;-;protein-coding;;
1890642;GGTGGCGGTGG;-;protein-coding;;
1763588;GGTGGCGGTGG;-;protein-coding;;
1697747;GGTGGCGGTGG;-;protein-coding;;
354312;GGGCAGGTGGCGGTGG;+;protein-coding;;
622905;GGCTGCGGTGGCGGTGG;-;protein-coding;;
1540226;GGTGGCGGTGGG;+;protein-coding;;
2445458;GGTGGCGGTGGG;-;protein-coding;;
3762638;GGATGAAGGTCACCGGCTGG;+;protein-coding;;
3619647;GGATGAAGGTCACCGGCTGG;+;protein-coding;;
730038;GGATGAAGGTCACCGGCTGG;+;protein-coding;;
4364069;GGCTGGGCGGCGG;-;protein-coding;;
2944076;GGCTGGGCGGCGG;+;protein-coding;;
2740534;GGTGCGGCTGGGCGGCGG;+;protein-coding;;
578;GGCTGGGCGGCGG;-;protein-coding;;
2124941;GGGCAGGGCGGCGG;-;protein-coding;;
3763567;GGATGGCAGGGCATCGG;+;protein-coding;;
3620576;GGATGGCAGGGCATCGG;+;protein-coding;;
730967;GGATGGCAGGGCATCGG;+;protein-coding;;
2824021;GGGCCGGATGGCGG;-;protein-coding;;
3763217;GGGGCCGGATGGTGG;+;protein-coding;;
3620226;GGGGCCGGATGGTGG;+;protein-coding;;
730617;GGGGCCGGATGGTGG;+;protein-coding;;
524307;GGGGCCGGATGGTGG;+;protein-coding;;
3715016;GGACGGCGGCGG;-;protein-coding;;
858496;GGGCGGACGGCGGCGGATACGGTCAGGG;+;protein-coding;;
333957;GGACGGCGGCGG;-;protein-coding;;
3762764;GGGTGCCGGAAGCGGATGAGG;+;protein-coding;;
3619773;GGGTGCCGGAAGCGGATGAGG;+;protein-coding;;
730164;GGGTGCCGGAAGCGGATGAGG;+;protein-coding;;
3715328;GGCGGCGGTTTTGG;-;protein-coding;;
3022645;GGCGGCGGTTTTGG;+;protein-coding;;
1955858;GGGCGGCGGTTTTGG;-;protein-coding;;
3001050;GGTGGCGGTTTTGG;+;protein-coding;;
656790;GGGGTGGCGGTTTTGG;+;protein-coding;;
2259778;GGTGGCGGGTTTGG;-;protein-coding;;
4209326;GGAGGAAGGTGGGG;+;rRNA-coding;;
4167838;GGAGGAAGGTGGGG;+;rRNA-coding;;
4036710;GGAGGAAGGTGGGG;+;rRNA-coding;;
3942987;GGAGGAAGGTGGGG;+;rRNA-coding;;
3427582;GGAGGAAGGTGGGG;-;tRNA-coding;;
2729977;GGAGGAAGGTGGGG;-;rRNA-coding;;
224950;GGAGGAAGGTGGGG;+;rRNA-coding;;
4391246;GGCGGCGGAAGG;-;protein-coding;;
3858294;GGCGGCGGAAGG;-;protein-coding;;
2688122;GGCGGCGGAAGGCGG;-;protein-coding;;
1560428;GGCGGCGGAAGG;-;protein-coding;;
78951;GGCGGCGGAAGG;+;protein-coding;;
2854718;GGCGGCGGAAGGG;+;protein-coding;;
3023154;GGCGGCGGAAGGAACGGAGGTCGG;-;protein-coding;;
3335773;GGTGGCGGCGG;-;protein-coding;;
2171336;GGTGGCGGCGG;+;protein-coding;;
1094337;GGTGGCGGCGG;-;protein-coding;;
567942;GGTGGCGGCGG;+;protein-coding;;
391801;GGTGGCGGCGG;-;protein-coding;;
387617;GGTGGCGGCGG;+;protein-coding;;
316391;GGTGGCGGCGG;+;protein-coding;;
5460;GGTGGCGCGGCGGTGGCGGCGG;-;protein-coding;;
347902;GGCGCACGGTGGCGGCGG;+;protein-coding;;
3816648;GGAGAGGTGGAAGG;-;intergenic;;
4212163;GGATAGGTGGAGG;+;rRNA-coding;;
4170761;GGATAGGTGGAGG;+;rRNA-coding;;
4039640;GGATAGGTGGAGG;+;rRNA-coding;;
3945824;GGATAGGTGGAGG;+;rRNA-coding;;
3424662;GGATAGGTGGAGG;-;rRNA-coding;;
2727063;GGATAGGTGGAGG;-;rRNA-coding;;
227879;GGATAGGTGGAGG;+;rRNA-coding;;
4631469;GGCGGCGGTGG;+;protein-coding;;
3776018;GGCGGCGGTGG;-;protein-coding;;
3671157;GGCGGCGGTGG;+;protein-coding;;
2671677;GGCGGCGGTGG;+;protein-coding;;
1624402;GGCGGCGGTGG;+;protein-coding;;
343338;GGCGGCGGTGG;+;protein-coding;;
340743;GGCGCGGGCGGCGGTGG;+;protein-coding;;
82308;GGCGGCGGTGG;+;protein-coding;;
360398;GGGCGGCGGTGGGCTTGG;+;protein-coding;;
776474;GGAGGCGGCGGTGG;+;protein-coding;;
902419;GGCGGCGGTGGG;-;protein-coding;;
1024740;GGCGGCGGTGGAGTGG;+;protein-coding;;
1245857;GGAACGGGGGCGGCGGTGG;-;protein-coding;;
1430006;GGCGGCGGTGGCACTGGCTGAGG;-;protein-coding;;
2589706;GGCGCTGGCGGCGG;+;protein-coding;;
2361344;GGCGCTGGCGGCGG;-;protein-coding;;
1775695;GGCGCTGGCGGCGG;+;protein-coding;;
1363286;GGCCCGGCGCTGGCGGCGGG;+;protein-coding;;
2252964;GGTTTACGGGCGCTGGCGGCGG;-;protein-coding;;
2521218;GGAGGGGGTCGGCGG;+;tRNA-coding;;
2521096;GGAGGGGGTCGGCGG;+;tRNA-coding;;
2520976;GGAGGGGGTCGGCGG;+;tRNA-coding;;
781113;GGAGGGGGTCGGCGG;+;tRNA-coding;;
780810;GGAGGGGGTCGGCGG;+;tRNA-coding;;
3765270;GGTACGGCTGGGACGGCGACCGG;+;protein-coding;;
3622279;GGTACGGCTGGGACGGCGACCGG;+;protein-coding;;
734537;GGTACGGCTGGGACGG;+;protein-coding;;
732666;GGTACGGCTGGGACGG;+;protein-coding;;
3584091;GGCACGGCTGGGACGG;+;protein-coding;;
1978606;GGCACGGCTGGGACGG;-;protein-coding;;
1050441;GGCACGGCTGGGACGG;+;protein-coding;;
290737;GGCACGGCTGGGACGG;-;protein-coding;;
279266;GGCACGGCTGGGACGG;-;protein-coding;;
258011;GGCACGGCTGGGACGG;-;protein-coding;;
19899;GGCACGGCTGGGACGG;-;protein-coding;;
4081311;GGTGGAAGGATGGG;-;protein-coding;;
4210746;GGGCAGGTTGAAGGTTGGG;+;rRNA-coding;;
4169344;GGGCAGGTTGAAGGTTGGG;+;rRNA-coding;;
4038222;GGGCAGGTTGAAGGTTGGG;+;rRNA-coding;;
3944407;GGGCAGGTTGAAGGTTGGG;+;rRNA-coding;;
3426080;GGGCAGGTTGAAGGTTGGG;-;rRNA-coding;;
2728481;GGGCAGGTTGAAGGTTGGG;-;rRNA-coding;;
226462;GGGCAGGTTGAAGGTTGGG;+;rRNA-coding;;
4596755;GGCGGCACGGTGG;+;protein-coding;;
4312592;GGGCGGCACGGTGG;+;protein-coding;;
3554119;GGCGGCACGGTGG;-;protein-coding;;
339469;GGTGGGCGGCACGGTGG;+;protein-coding;;
1836348;GGGCGGCTCGGTGG;+;protein-coding;;
2026589;GGGCGGGTCGGTGGTGAGG;-;protein-coding;;
2295516;GGCTGGCGGTGG;-;protein-coding;;
1373498;GGGCTGGCGGTGG;+;protein-coding;;
1264468;GGTAACGGGCTGGCGGTGG;-;protein-coding;;
3088637;GGGGCTGGCGGTGGGTGTGG;+;protein-coding;;
45328;GGAGCTGGCGGTGGGTGTGG;+;protein-coding;;
398111;GGTGCTGGCGGTGG;+;protein-coding;;
3946942;GGGTGGCGGAACGGACGGG;-;tRNA-coding;;
236999;GGCGGAACGGACGGG;-;tRNA-coding;;
228996;GGCGGAACGGACGGG;-;tRNA-coding;;
2124223;GGCGGCGCTGGCGG;-;protein-coding;;
704165;GGTGCGGCGGCGCTGGCGGGTGCGGTAGG;+;protein-coding;;
629479;GGCGGCGCTGGCGG;+;protein-coding;;
1145208;GGTGGCGGCGCTGGCGG;+;protein-coding;;
3318217;GGGAAAGTGGTTGCGGGGGCCGG;+;tRNA-coding;;
2947675;GGTTGCGGGGGCCGG;-;tRNA-coding;;
2947565;GGTTGCGGGGGCCGG;-;tRNA-coding;;
2947455;GGTTGCGGGGGCCGG;-;tRNA-coding;;
3392350;GGCAACGGCTGCCGGATGCGG;+;intergenic repeat region;;
3392259;GGCAACGGCTGCCGGATGCGG;+;intergenic repeat region;;
3392168;GGCAACGGCTGTCGGATGCGG;+;intergenic repeat region;;
2662491;GGCAACGGCTGTCGGATGCGG;+;intergenic repeat region;;
2662400;GGCAACGGCTGTCGGATGCGG;+;intergenic repeat region;;
4235454;GGCATCGGTTGCCGGATGCGG;-;intergenic repeat region;;
4606319;GGTTTTTGGTGCGAGGGGGGGG;+;tRNA-coding;;
4606208;GGTGCGAGGGGGGGG;+;tRNA-coding;;
4606087;GGTGCGAGGGGGGGG;+;tRNA-coding;;
3982684;GGTGCGAGGGGGGGG;-;tRNA-coding;;
4267265;GGCGGAGGCGG;+;protein-coding;;
2814133;GGCGCAGGTGGCGGCGGAGGCGG;+;protein-coding;;
2325020;GGCGGAGGCGG;-;protein-coding;;
340247;GGCGGAGGCGG;+;protein-coding;;
249464;GGCGGCGGAGGCGG;-;protein-coding;;
3521407;GGCGGAGGCGGGG;+;protein-coding;;
4224305;GGGCTGGTGGCGG;+;protein-coding;;
2830506;GGTCTGGGGCTGGTGGCGG;+;protein-coding;;
1069284;GGGCTGGTGGCGG;-;protein-coding;;
3057632;GGCGGGGGCGG;-;protein-coding;;
2906541;GGCGGGGGCGG;+;protein-coding;;
2039649;GGCGGGGGCGGGCGGG;-;protein-coding;;
2715657;GGGCGGGGGCGG;+;protein-coding;;
3852206;GGCGGGGGCGGCGG;+;protein-coding;;
1806486;GGGGGCGGCGG;+;protein-coding;;
836584;GGCGGGGGCGGCGG;+;protein-coding;;
4286339;GGCGCAGGTGGTGG;-;protein-coding;;
4243202;GGCGCAGGTGGTGG;+;protein-coding;;
2592619;GGGGGCGCAGGTGGTGGAACTCGGGCCGG;+;protein-coding;;
3379269;GGTTGGCGCTGGCGGGGGGG;-;protein-coding;;
1892884;GGCGCTGGCGGGGGG;-;protein-coding;;
387456;GGCGCTGGCGGGGG;+;protein-coding;;
4579625;GGCGGCGGGTGGTTGGGCGGTGAGG;+;protein-coding;;
3485687;GGCGGCGGGTGG;-;protein-coding;;
1408940;GGCGGCGGGTGG;+;protein-coding;;
4629952;GGTGGTTGGTCGG;+;protein-coding;;
857361;GGTGGTTGGTCGG;-;protein-coding;;
803228;GGTGGTTGGTCGGTGCGG;+;protein-coding;;
1827597;GGCGGTGGCAAGG;-;protein-coding;;
1636267;GGCGGTGGCAAGGG;-;protein-coding;;
580933;GGCGGTGGCAAGGG;+;protein-coding;;
1969508;GGCGGTGGCAACGG;-;protein-coding;;
3762611;GGCTGGTGCGCGGCGGCGTGG;+;protein-coding;;
3619620;GGCTGGTGCGCGGCGGCGTGG;+;protein-coding;;
730011;GGCTGGTGCGCGGCGGCGTGG;+;protein-coding;;
1466830;GGACTCCGGATCGGTGACGGTCATGG;-;protein-coding;;
1466536;GGACTCCGGATCGGTGACGGTCATGG;-;protein-coding;;
1466242;GGACTCCGGATCGGTGACGGTCATGG;-;protein-coding;;
4507733;GGGACAGAGGAATGGAACTGG;-;protein-coding;;
1470242;GGGACAGAGGAATGGAACTGG;+;protein-coding;;
271487;GGGACAGAGGAATGGAACTGG;+;protein-coding;;
3059037;GGCGGCGGCGCGG;-;protein-coding;;
1729439;GGCGGCGGCGCGG;+;protein-coding;;
453305;GGCGGCGGCGCGGTTGG;-;protein-coding;;
3180155;GGCGGCGGCGCGGG;+;protein-coding;;
4210819;GGCTGGGGGTGAAAGG;+;rRNA-coding;;
4169417;GGCTGGGGGTGAAAGG;+;rRNA-coding;;
4038295;GGCTGGGGGTGAAAGG;+;rRNA-coding;;
3944480;GGCTGGGGGTGAAAGG;+;rRNA-coding;;
3426006;GGCTGGGGGTGAAAGG;-;rRNA-coding;;
2728407;GGCTGGGGGTGAAAGG;-;rRNA-coding;;
226535;GGCTGGGGGTGAAAGG;+;rRNA-coding;;
1928108;GGTGGTGGCGCTGG;+;protein-coding;;
1080449;GGTGCTGGTGGTGGCGCTGGTGG;+;protein-coding;;
615629;GGTGGTGGCGCTGG;+;protein-coding;;
4213073;GGCATGGGGTCAGGTGGG;-;rRNA-coding;;
4171670;GGCATGGGGTCAGGTGGG;-;rRNA-coding;;
4040550;GGCATGGGGTCAGGTGGG;-;rRNA-coding;;
3946733;GGCATGGGGTCAGGTGGG;-;tRNA-coding;;
3423753;GGCATGGGGTCAGGTGGG;+;rRNA-coding;;
3423508;GGCATGGGGTCAGGTGGG;+;rRNA-coding;;
2726154;GGCATGGGGTCAGGTGGG;+;rRNA-coding;;
228789;GGCATGGGGTCAGGTGGG;-;rRNA-coding;;
3206920;GGCAGGCGGCGG;+;protein-coding;;
2896485;GGCAGGCGGCGGCTCAGGG;-;protein-coding;;
1328047;GGCAGGCGGCGG;+;protein-coding;;
803921;GGCAGGCGGCGG;+;protein-coding;;
288770;GGCAGGCGGCGG;+;protein-coding;;
3743113;GGCTGGCAGGCGGCGGAAAAAGG;+;protein-coding;;
4512853;GGCTGGCAGGCGG;-;protein-coding;;
4075787;GGCTGGCAGGCGG;+;protein-coding;;
3527160;GGCTGGCAGGCGG;+;protein-coding;;
2890551;GGGGTTTCTGGATTGGCTGGCAGGCGG;+;protein-coding;;
3437233;GGTTGGTGGCGG;+;protein-coding;;
2613358;GGTTGGTGGCGG;-;protein-coding;;
1958077;GGTTGTGGTTGGTGGCGGCGGG;-;protein-coding;;
1195445;GGTTGGTGGCGG;+;protein-coding;;
1132616;GGTTGGTGGCGG;-;protein-coding;;
142084;GGTTGGTGGCGG;+;protein-coding;;
45057;GGAGTTGGTTGGTGACGG;+;protein-coding;;
3240633;GGTGGCGCTGGTGG;+;protein-coding;;
2086654;GGTGGCGCTGGTGG;-;protein-coding;;
249335;GGTGGCGCTGGTGG;-;protein-coding;;
72041;GGCGTGGTGGCGCTGGTGG;+;protein-coding;;
1786725;GGTGGCGGAGG;+;protein-coding;;
1326614;GGTGGTGGTGCTGGCGGCGGCGCGCGGGTGGCGGAGG;+;protein-coding;;
791683;GGTGGCGGAGG;+;protein-coding;;
328682;GGTGGCGGAGG;+;protein-coding;;
4208873;GGTGGCGAAGGCGG;+;rRNA-coding;;
4167385;GGTGGCGAAGGCGG;+;rRNA-coding;;
4036257;GGTGGCGAAGGCGG;+;rRNA-coding;;
3942534;GGTGGCGAAGGCGG;+;rRNA-coding;;
3428035;GGTGGCGAAGGCGG;-;rRNA-coding;;
2730430;GGTGGCGAAGGCGG;-;rRNA-coding;;
224497;GGTGGCGAAGGCGG;+;rRNA-coding;;
4612738;GGCTGGTGGAGG;+;protein-coding;;
4463946;GGCTGGTGGAGG;+;protein-coding;;
3864139;GGGCTGGTGGAGG;+;protein-coding;;
2833454;GGGCTGGTGGAGG;+;protein-coding;;
719277;GGGCTGGTGGAGG;+;protein-coding;;
2710275;GGCTGGTGGAGGATTAGGTGG;-;intergenic;;
3281395;GGTGGGCTGGCGGG;+;protein-coding;;
2777978;GGTGGGCTGGCGG;-;intergenic;;
446414;GGTGGGCTGGCGG;-;protein-coding;;
3403777;GGGGTGGGCTGGCGGAGCAGG;+;protein-coding;;
3272126;GGTGGACTGGCGGG;-;protein-coding;;
4453430;GGTGGTGGGGG;+;protein-coding;;
4175548;GGTGGTGGGGGAAGG;-;tRNA-coding;;
1287546;GGTGGTGGGGGAAGG;+;tRNA-coding;;
1287371;GGTGGTGGGGGAAGG;+;intergenic;;
1287252;GGTGGTGGGGGAAGG;+;tRNA-coding;;
1287074;GGTGGTGGGGGAAGG;+;sRNA-coding;;
1286896;GGTGGTGGGGGAAGG;+;intergenic;;
1286718;GGTGGTGGGGGAAGG;+;intergenic;;
3652860;GGTGGTGCGGTCCGGCAAGG;+;protein-coding;;
3366380;GGTGGTGCGGTCCGGCAAGG;+;protein-coding;;
3130515;GGTGGTGCGGTCCGGCAAGG;-;protein-coding;;
2289743;GGTGGTGCGGTCCGGCAAGG;+;protein-coding;;
2102573;GGTGGTGCGGTCCGGCAAGG;+;protein-coding;;
2066983;GGTGGTGCGGTCCGGCAAGG;+;protein-coding;;
1396413;GGTGGTGCGGTCCGGCAAGG;-;protein-coding;;
1299868;GGTGGTGCGGTCCGGCAAGG;-;intergenic;;
688675;GGTGGTGCGGTCCGGCAAGG;+;protein-coding;;
575415;GGTGGTGCGGTCCGGCAAGG;+;protein-coding;;
274779;GGTGGTGCGGTCCGGCAAGG;+;protein-coding;;
3700214;GGTGGCATTGGTTGCTGG;-;intergenic repeat region;;
1270471;GGTGGCATTGGTTGCTGG;-;intergenic repeat region;;
1269936;GGTGGCATTGGTTGCTGG;-;intergenic repeat region;;
1269401;GGTGGCATTGGTTGCTGG;-;intergenic repeat region;;
3762385;GGCAGCGGGCCGGGCAGGG;-;protein-coding;;
3619394;GGCAGCGGGCCGGGCAGGG;-;protein-coding;;
729785;GGCAGCGGGCCGGGCAGGG;-;protein-coding;;
4314082;GGCGGCGGCGG;-;protein-coding;;
3607850;GGCGGCGGCGG;+;protein-coding;;
3414215;GGCGGCGGCGG;-;protein-coding;;
3391417;GGCGGCGGCGG;-;protein-coding;;
3389583;GGCGGCGGCGG;-;protein-coding;;
3254135;GGCGGCGGCGG;-;protein-coding;;
2031848;GGCGGCGGCGG;-;protein-coding;;
1104530;GGCGGCGGCGG;+;protein-coding;;
550990;GGCGGCGGCGG;+;protein-coding;;
420421;GGCGGCGGCGG;+;protein-coding;;
92849;GGCGGCGGCGG;+;protein-coding;;
14411;GGTGGCATGGGCGGCGGCGGTTTTGGCGGCGG;+;protein-coding;;
105362;GGCGTCGGCGGCGGCGGCGG;+;protein-coding;;
285855;GGCGGCGGCGGG;+;protein-coding;;
555913;GGGCGGCGGCGGATGCGG;+;protein-coding;;
622845;GGGCTGGCGGCGGCGGG;+;protein-coding;;
822880;GGAGCGGGCGGCGGCGG;+;protein-coding;;
832071;GGCGGCGGCGGTCGTGGGCAAGGTGGTGGTCGCG;+;protein-coding;;
4243977;GGGCGGTGGTCGG;+;protein-coding;;
903875;GGGGGCGGTGGTCGG;+;intergenic;;
3201967;GGGTGGTGGTCGG;+;protein-coding;;
802086;GGTGGTGGTCGG;+;protein-coding;;
412328;GGGGGTGGTGGTCGG;-;protein-coding;;
3782813;GGTCAGGTGGTGGAAGG;-;protein-coding;;
3399498;GGTCAGGTGGTGG;-;protein-coding;;
3104841;GGTCAGGTGGTGG;+;protein-coding;;
2095894;GGTCAGGTGGTGAAAGG;+;protein-coding;;
4549859;GGGGAGAGGGTTAGGGTGAGGGG;-;intergenic;HPG1;
4314309;GGGGAGAGGGTTAGGGTGAGGGGG;+;intergenic;HPG1;
3908519;GGGGAGAGGGTTAGGGTGAGGGG;+;intergenic;HPG1;
3504868;GGGGAGAGGGTTAGGGTGAGGGG;-;intergenic;HPG1;
1351215;GGGGAGAGGGTTAGGGTGAGGGG;-;intergenic;HPG1;
624603;GGGGAGAGGGTTAGGGTGAGGGG;+;intergenic;HPG1;
388688;GGGGAGAGGGTTAGGGTGAGGGGG;+;intergenic;HPG1;
164608;GGGGAGAGGGTTAGGGTGAGGG;-;intergenic;HPG1;
497870;GGGGAGAGGGTTAGGGTGAGGGGAACAGG;+;intergenic;HPG1;
3046055;GGGGAGAGGGTTAGGGTGAGGGGAACAGGCCG;-;intergenic;HPG1;
3239670;GGGGAGAGGGTTAGGGTGAGGGGAACAGG;-;intergenic;HPG1;
3608712;GGGGAGAGGGTTAGGGTGAGGGGAAAAGGCGC;+;intergenic;HPG1;
3781038;GGGGAGAGGGTTAGGGTGAGGGGG;-;intergenic;HPG1;
632062;GGGGAGAGGGTTAGGGTGAGAGGG;-;intergenic;HPG1;
847201;GGGGAGAGGATTAGGGTGAGGGG;-;intergenic;degenerate HPG1;
3390505;GGGGTGAGGGTTAGGGTGAGGGG;-;intergenic;HPG1;
4070476;GGGGAGAGGGTTAGGGAGAGGGG;+;intergenic;HPG1;
4438975;GGTGGTGGTCTGG;+;protein-coding;;
3909210;GGAAGGTGGTGGTCTGG;-;protein-coding;;
3250736;GGTGGTGGTCTGG;+;protein-coding;;
334715;GGCGGTAGTGGTCTGGCAAGGG;-;protein-coding;;
2357864;GGCTGGCAGGAAGG;+;protein-coding;;
2357681;GGCTGGCAGGAAGG;+;protein-coding;;
761104;GGCTGGCAGGAAGG;-;protein-coding;;
7217;GGCTGGCAGGAAGCGGCAGGCGGCGGCGCGGG;-;protein-coding;;
3778864;GGTGGTATTGGCGG;-;protein-coding;;
2707458;GGTGGTATTGGCGGG;-;protein-coding;;
1154623;GGTGGTATTGGCGG;-;protein-coding;;
4095231;GGCGGCTGGTGG;+;protein-coding;;
4090670;GGCGGCTGGTGG;-;protein-coding;;
1321994;GGCGGCTGGTGG;+;protein-coding;;
861840;GGCGGCTGGTGG;+;protein-coding;;
4292176;GGCTGGGGCGGCTGGTGGTTCTGGGATCCGGTGG;+;protein-coding;;
2294187;GGCTGGGGTGGCTGGTGGTTCTGGGATCCGG;-;protein-coding;;
414216;GGGTGGCTGGTGG;+;protein-coding;;
